minute,rain_mm_hr,blocked_N1_depth_m,clear_N1_depth_m,cumulative_inflow_m3,cumulative_outflow_m3,balance_error_m3
5.0,4.0,0.0,0.0,5.266666666666667,0.8666666666666668,0.0
10.0,4.0,0.0,0.0,10.533333333333333,3.1333333333333333,1.7763568394002505e-15
15.0,4.0,0.0,0.0,15.8,8.4,1.7763568394002505e-15
20.0,4.0,0.0,0.0,21.066666666666666,13.666666666666668,0.0
25.0,4.0,0.0,0.0,26.333333333333332,18.933333333333334,0.0
30.0,4.0,0.0,0.0,31.599999999999998,24.2,0.0
35.0,18.0,0.0,0.0,55.3,32.5,0.0
40.0,18.0,0.0,0.0,79.0,45.7,0.0
45.0,18.0,0.0,0.0,102.7,69.4,0.0
50.0,18.0,0.0,0.0,126.4,93.1,1.4210854715202004e-14
55.0,18.0,0.0,0.0,150.1,116.79999999999998,1.4210854715202004e-14
60.0,18.0,0.0,0.0,173.79999999999998,140.49999999999997,1.4210854715202004e-14
65.0,48.0,0.022170096818113508,0.0,236.99999999999997,170.69999999999996,1.4210854715202004e-14
70.0,48.0,0.044340193636227015,0.0,300.2,211.39999999999995,4.263256414560601e-14
75.0,48.0,0.06651029045434052,0.0,363.4,252.42990318188643,4.263256414560601e-14
80.0,48.0,0.08868038727245403,0.0,426.59999999999997,293.45980636377294,0.0
85.0,48.0,0.11085048409056754,0.0,489.79999999999995,334.4897095456594,0.0
90.0,48.0,0.13302058090868105,0.0,553.0,375.5196127275459,5.684341886080802e-14
95.0,68.0,0.17019067772679455,0.011485990908895736,642.5333333333333,420.8828492427657,5.684341886080802e-14
100.0,68.0,0.20736077454490806,0.022971981817791472,732.0666666666666,473.2460857579855,5.684341886080802e-14
105.0,68.0,0.24453087136302157,0.034457972726687214,821.5999999999999,525.6093222732053,5.684341886080802e-14
110.0,68.0,0.28170096818113505,0.045943963635582945,911.1333333333332,577.9725587884251,5.684341886080802e-14
115.0,68.0,0.31887106499924855,0.057429954544478676,1000.6666666666665,630.3357953036449,5.684341886080802e-14
120.0,68.0,0.35604116181736206,0.0689159454533744,1090.1999999999998,682.6990318188647,5.684341886080802e-14
125.0,24.0,0.3602112586354756,0.047401936362270136,1121.7999999999997,725.5289350007512,0.0
130.0,24.0,0.3643813554535891,0.025887927271165866,1153.3999999999996,752.9588381826377,-1.1368683772161603e-13
135.0,24.0,0.3685514522717026,0.004373918180061594,1184.9999999999995,780.3887413645242,-2.2737367544323206e-13
140.0,24.0,0.3727215490898161,0.0,1216.5999999999995,807.8186445464107,-3.410605131648481e-13
145.0,24.0,0.3768916459079296,0.0,1248.1999999999994,835.2485477282972,-4.547473508864641e-13
150.0,24.0,0.3810617427260431,0.0,1279.7999999999993,862.6784509101838,-5.684341886080801e-13
155.0,2.0,0.3687318395441566,0.0,1282.4333333333327,885.3416874254036,-5.115907697472721e-13
160.0,2.0,0.35640193636227013,0.0,1285.0666666666662,900.3049239406234,-3.979039320256561e-13
165.0,2.0,0.34407203318038365,0.0,1287.6999999999996,915.2681604558433,-2.8421709430404007e-13
170.0,2.0,0.33174212999849717,0.0,1290.333333333333,930.2313969710631,-1.7053025658242404e-13
175.0,2.0,0.31941222681661063,0.0,1292.9666666666665,945.1946334862829,-5.684341886080802e-14
180.0,2.0,0.30708232363472415,0.0,1295.6,960.1578700015027,5.684341886080802e-14
