minute,rain_mm_hr,source
5,4,synthetic fixture
10,4,synthetic fixture
15,4,synthetic fixture
20,4,synthetic fixture
25,4,synthetic fixture
30,4,synthetic fixture
35,18,synthetic fixture
40,18,synthetic fixture
45,18,synthetic fixture
50,18,synthetic fixture
55,18,synthetic fixture
60,18,synthetic fixture
65,48,synthetic fixture
70,48,synthetic fixture
75,48,synthetic fixture
80,48,synthetic fixture
85,48,synthetic fixture
90,48,synthetic fixture
95,68,synthetic fixture
100,68,synthetic fixture
105,68,synthetic fixture
110,68,synthetic fixture
115,68,synthetic fixture
120,68,synthetic fixture
125,24,synthetic fixture
130,24,synthetic fixture
135,24,synthetic fixture
140,24,synthetic fixture
145,24,synthetic fixture
150,24,synthetic fixture
155,2,synthetic fixture
160,2,synthetic fixture
165,2,synthetic fixture
170,2,synthetic fixture
175,2,synthetic fixture
180,2,synthetic fixture
